{
  "tests": [
    {
      "name": "Test Graph",
      "setup": "sudo -H pip3 install pytest",
      "run": "pytest -m \"dbgraph\"",
      "input": "",
      "output": "",
      "comparison": "included",
      "timeout": 3,
      "points": 6
    },
    {
      "name": "Toplevel Full workflow",
      "setup": "sudo -H pip3 install pytest",
      "run": "pytest -m 'toplevel'",
      "input": "",
      "output": "",
      "comparison": "included",
      "timeout": 10,
      "points": 8
    }
  ]
}