{
  "tests": [
    {
      "name": "Sam Writer",
      "setup": "sudo -H pip3 install pytest",
      "run": "pytest -m \"samwriter\"",
      "input": "",
      "output": "",
      "comparison": "included",
      "timeout": 8,
      "points": 25
    },
    {
      "name": "Read Polisher",
      "setup": "sudo -H pip3 install pytest",
      "run": "pytest -m \"polisher\"",
      "input": "",
      "output": "",
      "comparison": "included",
      "timeout": 5,
      "points": 40
    }
  ]
}