{
  "tests": [
    {
      "name": "String To List",
      "setup": "sudo -H pip3 install pytest",
      "run": "pytest -m \"A1_1\"",
      "input": "",
      "output": "",
      "comparison": "included",
      "timeout": 1,
      "points": 1
    },
    {
      "name": "Reverse Complement",
      "setup": "sudo -H pip3 install pytest",
      "run": "pytest -m \"A1_2\"",
      "input": "",
      "output": "",
      "comparison": "included",
      "timeout": 1,
      "points": 3
    },
    {
      "name": "Needle Haystack",
      "setup": "sudo -H pip3 install pytest",
      "run": "pytest -m \"A1_3\"",
      "input": "",
      "output": "",
      "comparison": "included",
      "timeout": 1,
      "points": 2
    },
    {
      "name": "Primzahlen",
      "setup": "sudo -H pip3 install pytest",
      "run": "pytest -m \"A1_4\"",
      "input": "",
      "output": "",
      "comparison": "included",
      "timeout": 2,
      "points": 3
    },
    {
      "name": "Odd Generator",
      "setup": "sudo -H pip3 install pytest",
      "run": "pytest -m \"A2_1\"",
      "input": "",
      "output": "",
      "comparison": "included",
      "timeout": 2,
      "points": 1
    },
    {
      "name": "Fibonacci",
      "setup": "sudo -H pip3 install pytest",
      "run": "pytest -m \"A2_2\"",
      "input": "",
      "output": "",
      "comparison": "included",
      "timeout": 3,
      "points": 2
    }
  ]
}