{
  "tests": [
    {
      "name": "mapping_pileup",
      "setup": "sudo -H pip3 install pytest",
      "run": "pytest -m \"mapping_pileup\"",
      "input": "",
      "output": "",
      "comparison": "included",
      "timeout": 2,
      "points": null
    },
    {
      "name": "pileup Writer",
      "setup": "sudo -H pip3 install pytest",
      "run": "pytest -m \"pileup_writer\"",
      "input": "",
      "output": "",
      "comparison": "included",
      "timeout": 2,
      "points": null
    }
  ]
}