{
  "tests": [
    {
      "name": "Read Test",
      "setup": "sudo -H pip3 install pytest",
      "run": "pytest -m \"read\"",
      "input": "",
      "output": "",
      "comparison": "included",
      "timeout": 3,
      "points": 8
    },
    {
      "name": "dbgnode",
      "setup": "sudo -H pip3 install pytest",
      "run": "pytest -m \"dbgnode\"",
      "input": "",
      "output": "",
      "comparison": "included",
      "timeout": 3,
      "points": 10
    },
    {
      "name": "fasta",
      "setup": "sudo -H pip3 install pytest",
      "run": "pytest -m \"toplevel\"",
      "input": "",
      "output": "",
      "comparison": "included",
      "timeout": 4,
      "points": 4
    }
  ]
}