{
  "tests": [
    {
      "name": "findOrfs",
      "setup": "sudo -H pip3 install pytest",
      "run": "pytest -m \"findorfs\"",
      "input": "",
      "output": "",
      "comparison": "included",
      "timeout": 5,
      "points": 5
    },
    {
      "name": "translation",
      "setup": "sudo -H pip3 install pytest",
      "run": "pytest -m \"translation\"",
      "input": "",
      "output": "",
      "comparison": "included",
      "timeout": 5,
      "points": 5
    }
  ]
}