{
  "tests": [
    {
      "name": "Read",
      "setup": "sudo -H pip3 install pytest",
      "run": "pytest -m 'read'",
      "input": "",
      "output": "",
      "comparison": "included",
      "timeout": 1,
      "points": 4
    },
    {
      "name": "Reference",
      "setup": "sudo -H pip3 install pytest",
      "run": "pytest -m 'reference'",
      "input": "",
      "output": "",
      "comparison": "included",
      "timeout": 2,
      "points": 8
    },
    {
      "name": "Fasta and Mapping Toplevel",
      "setup": "sudo -H pip3 install pytest",
      "run": "pytest -m 'toplevel'",
      "input": "",
      "output": "",
      "comparison": "included",
      "timeout": 2,
      "points": 10
    },
    {
      "name": "mapping class",
      "setup": "sudo -H pip3 install pytest",
      "run": "pytest -m 'mapping'",
      "input": "",
      "output": "",
      "comparison": "included",
      "timeout": 2,
      "points": 8
    }
  ]
}