{
  "tests": [
    {
      "name": "can_extend_prev",
      "setup": "sudo -H pip3 install pytest",
      "run": "pytest -m \"can_extend_prev\"",
      "input": "",
      "output": "",
      "comparison": "included",
      "timeout": 1,
      "points": 3
    },
    {
      "name": "can_extend_next",
      "setup": "sudo -H pip3 install pytest",
      "run": "pytest -m \"can_extend_next\"",
      "input": "",
      "output": "",
      "comparison": "included",
      "timeout": 1,
      "points": 3
    },
    {
      "name": "extend_prev",
      "setup": "sudo -H pip3 install pytest",
      "run": "pytest -m \"extend_prev\"",
      "input": "",
      "output": "",
      "comparison": "included",
      "timeout": 1,
      "points": 6
    },
    {
      "name": "extend_next",
      "setup": "sudo -H pip3 install pytest",
      "run": "pytest -m \"extend_next\"",
      "input": "",
      "output": "",
      "comparison": "included",
      "timeout": 1,
      "points": 6
    },
    {
      "name": "fastaout",
      "setup": "sudo -H pip3 install pytest",
      "run": "pytest -m \"fastaout\"",
      "input": "",
      "output": "",
      "comparison": "included",
      "timeout": 2,
      "points": 2
    },
    {
      "name": "simplifiy",
      "setup": "sudo -H pip3 install pytest",
      "run": "pytest -m \"simplifiy\"",
      "input": "",
      "output": "",
      "comparison": "included",
      "timeout": 3,
      "points": 10
    },
    {
      "name": "simplifykmerlock",
      "setup": "sudo -H pip3 install pytest",
      "run": "pytest -m \"simplifykmerlock\"",
      "input": "",
      "output": "",
      "comparison": "included",
      "timeout": 1,
      "points": 2
    },
    {
      "name": "contigCount",
      "setup": "sudo -H pip3 install pytest",
      "run": "pytest -m \"contigCount\"",
      "input": "",
      "output": "",
      "comparison": "included",
      "timeout": 1,
      "points": 1
    },
    {
      "name": "N50",
      "setup": "sudo -H pip3 install pytest",
      "run": "pytest -m \"N50\"",
      "input": "",
      "output": "",
      "comparison": "included",
      "timeout": 1,
      "points": 3
    },
    {
      "name": "blastScreenshot",
      "setup": "sudo -H pip3 install pytest",
      "run": "pytest -m \"blastScreenshot\"",
      "input": "",
      "output": "",
      "comparison": "included",
      "timeout": 10,
      "points": 2
    },
    {
      "name": "blastResult",
      "setup": "sudo -H pip3 install pytest",
      "run": "pytest -m \"blastResult\"",
      "input": "",
      "output": "",
      "comparison": "included",
      "timeout": 2,
      "points": 2
    },
    {
      "name": "blastResultkmerSize",
      "setup": "sudo -H pip3 install pytest",
      "run": "pytest -m \"blastResultkmerSize\"",
      "input": "",
      "output": "",
      "comparison": "included",
      "timeout": 1,
      "points": 3
    },
    {
      "name": "usedFastafile",
      "setup": "sudo -H pip3 install pytest",
      "run": "pytest -m \"blastResultFasta\"",
      "input": "",
      "output": "",
      "comparison": "included",
      "timeout": 1,
      "points": 1
    }
  ]
}